{
	"handler": "Microsoft.Compute.MultiVm",
	"version": "0.1.2-preview",
	"parameters": {
		"basics": [
			{}
		],
		"steps": [
			{
				"name": "confirmConfig",
				"label": "Confirmation",
				"subLabel": {
					"preValidation": "Configure Confirmation settings",
					"postValidation": "Done"
				},
				"bladeTitle": "Confirmation Selection",
				"elements": [
					{
						"name": "management",
						"type": "Microsoft.Common.OptionsGroup",
						"label": "Are you sure you want to install the Cloud Analytics Application?",
						"defaultValue": "",
						"toolTip": "Select Yes to install the Cloud Analytics Application",
						"constraints": {
							"allowedValues": [
								{
									"label": "Yes",
									"value": "Yes"
								}
							]
						},
						"visible": true
					}
				]
			}
		],
		"outputs": {
		}
	}
}