{
    
	"$schema": "https://schema.management.azure.com/schemas/2015-01-01/deploymentTemplate.json#",
    
	"contentVersion": "1.0.0.0",

	"parameters": {

		"location": { "type": "string" },
		"sqlServerName": { "type": "string" },
		"sqlServerLogin": { "type": "string" },
		"sqlServerPassword": { "type": "string" },
		"sqlServerEdition": { "type": "string" },
		"sqlDbName": { "type": "string" },
		"appServiceName": { "type": "string" },
		"appPlanName": { "type": "string" },

		"siteWebAppConfigurationNetFrameworkVersion": {
			"type": "string",
			"defaultValue": "v4.7",
			"metadata": {
				"description": "The Dot Net Framework Version for the Web App to be deployed."
			}
		},
		"siteWebAppConfigurationNumberOfWorkerProcesses": {
			"type": "int",
			"defaultValue": 1,
			"metadata": {
				"description": "The number of Worker Processes for the Web App to be deployed."
			}
		},
		"siteWebAppConfigurationUse32BitWorkerProcess": {
			"type": "bool",
			"defaultValue": true,
			"metadata": {
				"description": "If the Web App to be deployed should be 32 or 64 bit (false for 64bit/true for 32bit)."
			}
		},
		"siteWebAppConfigurationWebSocketsEnabled": {
			"type": "bool",
			"defaultValue": false,
			"metadata": {
				"description": "If the Web App to be deployed should have Web Sockets enabled (false for off/true for on)."
			}
		},
		"siteWebAppConfigurationAlwaysOn": {
			"type": "bool",
			"defaultValue": false,
			"metadata": {
				"description": "If the Web App to be deployed should be Always On (false for off/true for on)."
			}
		},
		
		"siteAppServiceSKU": {
			"type": "string",
			"defaultValue": "F1",
			"metadata": {
				"description": "The SKU type for the Web App Service Plan to be deployed."
			}
		},
		"siteAppServiceSKUCapacity": {
			"type": "string",
			"defaultValue": "0",
			"metadata": {
				"description": "The Capacity for the Web App Service Plan to be deployed."
			}
		},

		"sqlServerVersion": {
			"type": "string",
			"defaultValue": "12.0",
			"metadata": {
				"description": "The SQL Server Version for the Web App to be deployed."
			}
		},

		"sqlServerFirewallRuleName": {
			"type": "string",
			"defaultValue": "AllowAllWindowsAzureIps",
			"metadata": {
				"description": "The Firewall Rule Name of Allowed IP Addresses to connect to the SQL Server for the Web App to be deployed."
			}
		},
		"sqlServerFirewallRuleAllowedIPsStart": {
			"type": "string",
			"defaultValue": "0.0.0.0",
			"metadata": {
				"description": "The start range of Allowed IP Addresses to connect to the SQL Server for the Web App to be deployed."
			}
		},
		"sqlServerFirewallRuleAllowedIPsEnd": {
			"type": "string",
			"defaultValue": "0.0.0.0",
			"metadata": {
				"description": "The end range of Allowed IP Addresses to connect to the SQL Server for the Web App to be deployed."
			}
		},

		"sqlServerDatabaseTransparentDataEncryption": {
			"type": "string",
			"defaultValue": "Enabled",
			"metadata": {
				"description": "The SQL Server Database Transparent Data Encryption setting for the Web App to be deployed. (Enabled/Disabled)"
			}
		},
		"sqlServerDatabaseCollation": {
			"type": "string",
			"defaultValue": "SQL_Latin1_General_CP1_CI_AS",
			"metadata": {
				"description": "The SQL Server Database Collation for the Web App to be deployed."
			}
		},
		"sqlServerDatabaseMaxSizeInBytes": {
			"type": "string",
			"defaultValue": "2147483648",
			"metadata": {
				"description": "The SQL Server Database Collation for the Web App to be deployed."
			}
		}

	},
	
    "resources": [
			
	  

		{
			"apiVersion": "2015-08-01",
			"name": "CloudAnalyticsInstallerAppServicePlan",
			"type": "Microsoft.Web/serverfarms",
			"location": "[parameters('location')]",
			"sku": {
				"name": "[parameters('siteAppServiceSKU')]",
				"capacity": "[parameters('siteAppServiceSKUCapacity')]"
			},
			"properties": {
				"name": "CloudAnalyticsInstallerAppServicePlan"
			}
		},

		{
			"apiVersion": "2015-08-01",
			"name": "CloundAnalyticsInstallerWebApp",
			"type": "Microsoft.Web/sites",
			"location": "[parameters('location')]",
			"dependsOn": [
				"[resourceId('Microsoft.Web/serverfarms', 'CloudAnalyticsInstallerAppServicePlan')]"
			],
			"properties": {
				"serverFarmId": "CloundAnalyticsInstallerWebApp",
				"siteConfig": {
					"netFrameworkVersion": "[parameters('siteWebAppConfigurationNetFrameworkVersion')]",
					"numberOfWorkers": "[parameters('siteWebAppConfigurationNumberOfWorkerProcesses')]",
					"use32BitWorkerProcess": "[parameters('siteWebAppConfigurationUse32BitWorkerProcess')]",
					"webSocketsEnabled": "[parameters('siteWebAppConfigurationWebSocketsEnabled')]",
					"alwaysOn": "[parameters('siteWebAppConfigurationAlwaysOn')]"
				}
			},
			"resources": [
				{
					"apiVersion": "2014-11-01",
					"name": "appsettings",
					"type": "config",
					"dependsOn": [
						"[resourceId('Microsoft.Web/Sites', 'CloundAnalyticsInstallerWebApp')]"
					],
					"properties": {
						"setupLocation": "[parameters('location')]",
						"setupsqlServerName": "[parameters('sqlServerName')]",
						"setupsqlServerLogin": "[parameters('sqlServerLogin')]",
						"setupsqlServerPassword": "[parameters('sqlServerPassword')]",
						"setupsqlServerEdition": "[parameters('sqlServerEdition')]",
						"setupsqlDbName": "[parameters('sqlDbName')]",
						"setupappServiceName": "[parameters('appServiceName')]",
						"setupappPlanName": "[parameters('appPlanName')]"
					}
				}

			]
		}
		
    ]
}