{
  "$schema": "https://schema.management.azure.com/schemas/0.1.2-preview/CreateUIDefinition.MultiVm.json#",
  "handler": "Microsoft.Compute.MultiVm",
  "version": "0.1.2-preview",
  "parameters": {
    "basics": [
      {
        "name": "basicsResourcePrefix",
        "type": "Microsoft.Common.TextBox",
        "label": "Resource Prefix (6 characters)",
        "toolTip": "This information will help ensure that resources are uniquely named during the deployment process.� Please choose a prefix that represents your company in an abbreviated format.",
        "defaultValue": "",
        "constraints": {
          "required": true,
          "regex": "^[a-z0-9]{6}$",
          "validationMessage": "Only lower-case letters and numbers are allowed, and the value must be 6 characters long."
        }
      },
      {
        "name": "basicsEnvSuffix",
        "type": "Microsoft.Common.TextBox",
        "label": "Environment Suffix (1-5 characters)",
        "toolTip": "This information will help ensure that resources are uniquely named during the deployment process.� Please choose a suffix that represents your environment in an abbreviated format. (e.g. prod, test, dev, qa)",
        "defaultValue": "prod",
        "constraints": {
          "required": true,
          "regex": "^[a-z0-9]{1,5}$",
          "validationMessage": "Only lower-case letters and numbers are allowed, and the value must be 1-5 characters long."
        }
      }
    ],
    "steps": [
      {
        "name": "sqlConfig",
        "label": "SQL Server (logical server)",
        "subLabel": {
          "preValidation": "Configure the SQL Server (logical server) settings",
          "postValidation": "Done"
        },
        "bladeTitle": "SQL Server (logical server)",
        "elements": [
          {
            "name": "sqlServerName",
            "type": "Microsoft.Common.TextBox",
            "label": "Server Name",
            "toolTip": "[concat('The name to be used for the SQL Server (logical server) DNS (e.g. ', basics('basicsResourcePrefix'), '-[Server name]-', basics('basicsEnvSuffix'), '.database.windows.net')]",
            "defaultValue": "cloudanalytics",
            "constraints": {
              "required": true,
              "regex": "^[a-z0-9][a-z0-9-]{0,48}[a-z0-9]$",
              "validationMessage": "Your server name can contain only lowercase letters, numbers, and '-', but can't start or end with '-' or have more than 50 characters."
            }
          },
          {
            "name": "sqlCheckUnique",
            "type": "Microsoft.Common.TextBlock",
            "visible": true,
            "options": {
              "text": "Please use the following link to check that your DNS name is globally unique to avoid any failures in the deployment process.",
              "link": {
                "label": "[concat('Check ', basics('basicsResourcePrefix'), '-',steps('sqlConfig').sqlServerName,'-', basics('basicsEnvSuffix'), '.database.windows.net is globally unique')]",
                "uri": "[concat('http://utilities.appliedcloudsystems.com/validation.aspx?value=', encodeUriComponent(concat(basics('basicsResourcePrefix'), '-',steps('sqlConfig').sqlServerName,'-', basics('basicsEnvSuffix'), '.database.windows.net')),'&type=', encodeUriComponent('Microsoft.Sql/servers'))]"
              }
            }
          },

          {
            "name": "sqlValidated",
            "type": "Microsoft.Common.DropDown",
            "label": "DNS Name Checked for Uniqueness?",
            "defaultValue": "",
            "toolTip": "Please confirm that you have used the above link to validate that your chosen App Service name is unique.",
            "constraints": {
              "allowedValues": [
                {
                  "label": "Yes",
                  "value": "Yes"
                }
              ],
              "required": true
            },
            "visible": true
          },
          {
            "name": "sqlServerLogin",
            "type": "Microsoft.Compute.UserNameTextBox",
            "label": "Server Admin Login",
            "toolTip": "Login name for the SQL Server",
            "constraints": {
              "required": true,
              "regex": "^(?!admin$|administrator$|sa$|root$|dbmanager$|loginmanager$|dbo$|guest$|information_schema$|sys$|db_accessadmin$|db_backupoperator$|db_datareader$|db_datawriter$|db_ddladmin$|db_denydatareader$|db_denydatawriter$|db_owner$|db_securityadmin$|public$)[a-zA-Z][a-zA-Z0-9]{2,39}$",
              "validationMessage": "The specified Admin Login is not allowed.  Admin Login must be 2 to 40 alphanumeric characters and not use any reserved words."
            },
            "osPlatform": "Windows"
          },
          {
            "name": "sqlServerPassword",
            "type": "Microsoft.Common.PasswordBox",
            "label": {
              "password": "Password",
              "confirmPassword": "Confirm Password"
            },
            "toolTip": "SQL Server Login Password",
            "constraints": {
              "required": true,
              "regex": "^((?=.*[A-Z])(?=.*\\d)(?=.*[~`!@#$%^&*()\\-_+={[}\\]|\\\\:;\"'<,>.?\\\/])|(?=.*[a-z])(?=.*\\d)(?=.*[~`!@#$%^&*()\\-_+={[}\\]|\\\\:;\"'<,>.?\\\/])|(?=.*[a-z])(?=.*\\d)(?=.*[A-Z])|(?=.*[a-z])(?=.*[~`!@#$%^&*()\\-_+={[}\\]|\\\\:;\"'<,>.?\\\/])(?=.*[A-Z]))[\\w~`!@#$%^&*()\\-+={[}\\]|\\\\:;\"'<,>.?\\\/]{8,128}$",
              "validationMessage": "Password must be at least 8 characters and be a valid SQL Server password."
            },
            "options": {
              "hideConfirmation": false
            }
          },
          {
            "name": "sqlServerEdition",
            "type": "Microsoft.Common.DropDown",
            "label": "SQL Server Edition",
            "toolTip": "SKU or Edition of SQL Server",
            "defaultValue": "Standard",
            "constraints": {
              "allowedValues": [
                {
                  "label": "Basic",
                  "value": "Basic"
                },
                {
                  "label": "Standard",
                  "value": "Standard"
                },
                {
                  "label": "Premium",
                  "value": "Premium"
                }
              ]
            }
          },
          {
            "name": "sqlDbName",
            "type": "Microsoft.Common.TextBox",
            "label": "Azure SQL Database Name",
            "toolTip": "The name of the Azure SQL Database.",
            "defaultValue": "CloudAnalytics",
            "constraints": {
              "required": true,
              "regex": "^[a-z0-9A-Z]{0,128}$",
              "validationMessage": "Your database must only contain alphanumeric characters and cannot be greater than 128 characters in length."
            }
          }
        ]
      },
      {
        "name": "appConfig",
        "label": "App Service",
        "subLabel": {
          "preValidation": "Configure the App Service settings",
          "postValidation": "Done"
        },
        "bladeTitle": "App Service",
        "elements": [
          {
            "name": "appPlanName",
            "type": "Microsoft.Common.TextBox",
            "label": "Plan Name",
            "toolTip": "The name of the App Service Plan.",
            "defaultValue": "CloudAnalytics",
            "constraints": {
              "required": true,
              "validationMessage": "TODO"
            }
          },
          {
            "name": "appPlanTier",
            "type": "Microsoft.Common.DropDown",
            "label": "Plan Sku and Size",
            "toolTip": "SKU of App Service Plan Pricing Tier",
            "defaultValue": "S1 Standard",
            "constraints": {
              "allowedValues": [
                {
                  "label": "S1 Standard",
                  "value": "S1"
                },
                {
                  "label": "S2 Standard",
                  "value": "S2"
                },
                {
                  "label": "S3 Standard",
                  "value": "S3"
                },
                {
                  "label": "P1V2 PremiumV2",
                  "value": "P1V2"
                },
                {
                  "label": "P2V2 PremiumV2",
                  "value": "P2V2"
                },
                {
                  "label": "P3V2 PremiumV2",
                  "value": "P3V2"
                }
              ]
            }
          },
          {
            "name": "appServiceName",
            "type": "Microsoft.Common.TextBox",
            "label": "Name",
            "toolTip": "[concat('The name to be used for the App Service DNS (e.g. ', basics('basicsResourcePrefix'), '-[Name]-', basics('basicsEnvSuffix'), '.azurewebsites.net')]",
            "defaultValue": "cloudanalytics",
            "constraints": {
              "required": true,
              "regex": "^[a-zA-Z0-9][a-zA-Z0-9-]*[a-zA-Z0-9]$",
              "validationMessage": "Name must be a valid subdomain name"
            }
          },
          {
            "name": "appCheckUnique",
            "type": "Microsoft.Common.TextBlock",
            "visible": true,
            "options": {
              "text": "Please click here to check that your DNS name is globally unique to avoid any failures in the deployment process.",
              "link": {
                "label": "[concat('Check ', basics('basicsResourcePrefix'), '-',steps('appConfig').appServiceName,'-', basics('basicsEnvSuffix'), '.azurewebsites.net is globally unique')]",
                "uri": "[concat('http://utilities.appliedcloudsystems.com/validation.aspx?value=', encodeUriComponent(concat(basics('basicsResourcePrefix'), '-',steps('appConfig').appServiceName,'-', basics('basicsEnvSuffix'), '.azurewebsites.net')),'&type=', encodeUriComponent('Microsoft.Web/sites'))]"
              }
            }
          },
          {
            "name": "appValidated",
            "type": "Microsoft.Common.DropDown",
            "label": "DNS Name Checked for Uniqueness?",
            "defaultValue": "",
            "toolTip": "Please confirm that you have used the above link to validate that your chosen App Service name is unique.",
            "constraints": {
              "allowedValues": [
                {
                  "label": "Yes",
                  "value": "Yes"
                }
              ],
              "required": true
            },
            "visible": true
          }
        ]
      },
      {
        "name": "docsConfig",
        "label": "Documentation",
        "subLabel": {
          "preValidation": "Download Complete Setup Guide",
          "postValidation": "Done"
        },
        "bladeTitle": "Documentation",
        "elements": [
          {
            "name": "appCheckUnique",
            "type": "Microsoft.Common.InfoBox",
            "visible": true,
            "options": {
              "icon": "Info",
              "text": "Please click here to download the complete setup guide and documentation.  This will be required post-deployment of the solution to finish the configuration.",
              "uri": "https://acsappresourcesprd.blob.core.windows.net/cloudanalytics/Cloud%20Analytics%20-%20Setup%20%26%20Deployment%20Guide.pdf"
            }
          }
        ]
      }
    ],
	"outputs": {
		"location": "[location()]",
		"basicsResourcePrefix": "[basics('basicsResourcePrefix')]",
		"basicsEnvSuffix": "[basics('basicsEnvSuffix')]",

		"sqlServerName": "[steps('sqlConfig').sqlServerName]",
		"sqlServerLogin": "[steps('sqlConfig').sqlServerLogin]",
		"sqlServerPassword": "[steps('sqlConfig').sqlServerPassword]",
		"sqlServerEdition": "[steps('sqlConfig').sqlServerEdition]",
		"sqlDbName": "[steps('sqlConfig').sqlDbName]",

		"appPlanName": "[steps('appConfig').appPlanName]",
		"appPlanTier": "[steps('appConfig').appPlanTier]",
		"appServiceName": "[steps('appConfig').appServiceName]",

		"fullSqlServerName": "[concat(basics('basicsResourcePrefix'), '-', steps('sqlConfig').sqlServerName, '-', basics('basicsEnvSuffix'))]",
		"fullAppServiceName": "[concat(basics('basicsResourcePrefix'), '-', steps('appConfig').appServiceName, '-', basics('basicsEnvSuffix'))]",
		"fullAppPlanName": "[concat(basics('basicsResourcePrefix'), '-', [steps('appConfig').appPlanName, '-', basics('basicsEnvSuffix'))]"
	}
  }
}